{"cameraMode":{"drawMode":0,"name":"Shaded","section":"Shading Mode"},"sceneLighting":true,"audioPlay":false,"sceneViewState":{"m_AlwaysRefresh":false,"showFog":true,"showSkybox":true,"showFlares":true,"showImageEffects":true,"showParticleSystems":true,"showVisualEffectGraphs":true,"m_FxEnabled":true},"in2DMode":false,"pivot":{"x":-5.309505939483643,"y":7.551414966583252,"z":-12.962928771972657},"rotation":{"x":0.20654962956905366,"y":0.18223673105239869,"z":-0.039182502776384357,"w":0.9605329036712647},"size":1.6760039329528809,"orthographic":false}